{
  "mode": "macro",
  "horizon_months": 60,
  "ttc_pd": 0.01314,
  "rho": 0.15,
  "features": [
    "unemployment",
    "hpi_yoy",
    "gdp_yoy",
    "treasury_10y"
  ],
  "baseline": {
    "unemployment": 4.3,
    "hpi_yoy": 2.0123,
    "gdp_yoy": 1.6057,
    "treasury_10y": 4.4923
  },
  "monotonic_adjusted": false,
  "weights": {
    "base": 0.5,
    "upside": 0.25,
    "downside": 0.25
  },
  "z_12m": {
    "base": -0.2692,
    "upside": 0.0995,
    "downside": -1.5653
  },
  "pit_pd_12m": {
    "base": 0.01081,
    "upside": 0.0071,
    "downside": 0.03984
  },
  "weighted_pit_pd_12m": 0.01714,
  "ordering_ok": true,
  "z_paths": {
    "base": [
      -0.26917,
      -0.26917,
      -0.26917,
      -0.26917,
      -0.26917,
      -0.26917,
      -0.26917,
      -0.26917,
      -0.26917,
      -0.26917,
      -0.26917,
      -0.26917,
      -0.26917,
      -0.26917,
      -0.26917,
      -0.26917,
      -0.26917,
      -0.26917,
      -0.26917,
      -0.26917,
      -0.26917,
      -0.26917,
      -0.26917,
      -0.26917,
      -0.26917,
      -0.26917,
      -0.26917,
      -0.26917,
      -0.26917,
      -0.26917,
      -0.26917,
      -0.26917,
      -0.26917,
      -0.26917,
      -0.26917,
      -0.26917,
      -0.26917,
      -0.26917,
      -0.26917,
      -0.26917,
      -0.26917,
      -0.26917,
      -0.26917,
      -0.26917,
      -0.26917,
      -0.26917,
      -0.26917,
      -0.26917,
      -0.26917,
      -0.26917,
      -0.26917,
      -0.26917,
      -0.26917,
      -0.26917,
      -0.26917,
      -0.26917,
      -0.26917,
      -0.26917,
      -0.26917,
      -0.26917
    ],
    "upside": [
      -0.23844,
      -0.20772,
      -0.17699,
      -0.14626,
      -0.11554,
      -0.08481,
      -0.05409,
      -0.02336,
      0.00736,
      0.03809,
      0.06882,
      0.09954,
      0.09954,
      0.09954,
      0.09954,
      0.09954,
      0.09954,
      0.09954,
      0.09954,
      0.09954,
      0.09954,
      0.09954,
      0.09954,
      0.09954,
      0.09954,
      0.09954,
      0.09954,
      0.09954,
      0.09954,
      0.09954,
      0.09954,
      0.09954,
      0.09954,
      0.09954,
      0.09954,
      0.09954,
      0.09954,
      0.09954,
      0.09954,
      0.09954,
      0.09954,
      0.09954,
      0.09954,
      0.09954,
      0.09954,
      0.09954,
      0.09954,
      0.09954,
      0.09954,
      0.09954,
      0.09954,
      0.09954,
      0.09954,
      0.09954,
      0.09954,
      0.09954,
      0.09954,
      0.09954,
      0.09954,
      0.09954
    ],
    "downside": [
      -0.37718,
      -0.48519,
      -0.59321,
      -0.70122,
      -0.80923,
      -0.91724,
      -1.02526,
      -1.13327,
      -1.24128,
      -1.3493,
      -1.45731,
      -1.56532,
      -1.56532,
      -1.56532,
      -1.56532,
      -1.56532,
      -1.56532,
      -1.56532,
      -1.56532,
      -1.56532,
      -1.56532,
      -1.56532,
      -1.56532,
      -1.56532,
      -1.56532,
      -1.56532,
      -1.56532,
      -1.56532,
      -1.56532,
      -1.56532,
      -1.56532,
      -1.56532,
      -1.56532,
      -1.56532,
      -1.56532,
      -1.56532,
      -1.56532,
      -1.56532,
      -1.56532,
      -1.56532,
      -1.56532,
      -1.56532,
      -1.56532,
      -1.56532,
      -1.56532,
      -1.56532,
      -1.56532,
      -1.56532,
      -1.56532,
      -1.56532,
      -1.56532,
      -1.56532,
      -1.56532,
      -1.56532,
      -1.56532,
      -1.56532,
      -1.56532,
      -1.56532,
      -1.56532,
      -1.56532
    ]
  },
  "pit_pd_paths": {
    "base": [
      0.010807,
      0.010807,
      0.010807,
      0.010807,
      0.010807,
      0.010807,
      0.010807,
      0.010807,
      0.010807,
      0.010807,
      0.010807,
      0.010807,
      0.010807,
      0.010807,
      0.010807,
      0.010807,
      0.010807,
      0.010807,
      0.010807,
      0.010807,
      0.010807,
      0.010807,
      0.010807,
      0.010807,
      0.010807,
      0.010807,
      0.010807,
      0.010807,
      0.010807,
      0.010807,
      0.010807,
      0.010807,
      0.010807,
      0.010807,
      0.010807,
      0.010807,
      0.010807,
      0.010807,
      0.010807,
      0.010807,
      0.010807,
      0.010807,
      0.010807,
      0.010807,
      0.010807,
      0.010807,
      0.010807,
      0.010807,
      0.010807,
      0.010807,
      0.010807,
      0.010807,
      0.010807,
      0.010807,
      0.010807,
      0.010807,
      0.010807,
      0.010807,
      0.010807,
      0.010807
    ],
    "upside": [
      0.010444,
      0.010092,
      0.009751,
      0.009419,
      0.009098,
      0.008786,
      0.008483,
      0.00819,
      0.007906,
      0.00763,
      0.007363,
      0.007104,
      0.007104,
      0.007104,
      0.007104,
      0.007104,
      0.007104,
      0.007104,
      0.007104,
      0.007104,
      0.007104,
      0.007104,
      0.007104,
      0.007104,
      0.007104,
      0.007104,
      0.007104,
      0.007104,
      0.007104,
      0.007104,
      0.007104,
      0.007104,
      0.007104,
      0.007104,
      0.007104,
      0.007104,
      0.007104,
      0.007104,
      0.007104,
      0.007104,
      0.007104,
      0.007104,
      0.007104,
      0.007104,
      0.007104,
      0.007104,
      0.007104,
      0.007104,
      0.007104,
      0.007104,
      0.007104,
      0.007104,
      0.007104,
      0.007104,
      0.007104,
      0.007104,
      0.007104,
      0.007104,
      0.007104,
      0.007104
    ],
    "downside": [
      0.012171,
      0.01368,
      0.015349,
      0.01719,
      0.019217,
      0.021442,
      0.023882,
      0.026552,
      0.029466,
      0.03264,
      0.036092,
      0.039837,
      0.039837,
      0.039837,
      0.039837,
      0.039837,
      0.039837,
      0.039837,
      0.039837,
      0.039837,
      0.039837,
      0.039837,
      0.039837,
      0.039837,
      0.039837,
      0.039837,
      0.039837,
      0.039837,
      0.039837,
      0.039837,
      0.039837,
      0.039837,
      0.039837,
      0.039837,
      0.039837,
      0.039837,
      0.039837,
      0.039837,
      0.039837,
      0.039837,
      0.039837,
      0.039837,
      0.039837,
      0.039837,
      0.039837,
      0.039837,
      0.039837,
      0.039837,
      0.039837,
      0.039837,
      0.039837,
      0.039837,
      0.039837,
      0.039837,
      0.039837,
      0.039837,
      0.039837,
      0.039837,
      0.039837,
      0.039837
    ]
  },
  "weighted_pit_pd_path": [
    0.011057,
    0.011347,
    0.011679,
    0.012056,
    0.012482,
    0.012961,
    0.013495,
    0.014089,
    0.014746,
    0.015471,
    0.016267,
    0.017139,
    0.017139,
    0.017139,
    0.017139,
    0.017139,
    0.017139,
    0.017139,
    0.017139,
    0.017139,
    0.017139,
    0.017139,
    0.017139,
    0.017139,
    0.017139,
    0.017139,
    0.017139,
    0.017139,
    0.017139,
    0.017139,
    0.017139,
    0.017139,
    0.017139,
    0.017139,
    0.017139,
    0.017139,
    0.017139,
    0.017139,
    0.017139,
    0.017139,
    0.017139,
    0.017139,
    0.017139,
    0.017139,
    0.017139,
    0.017139,
    0.017139,
    0.017139,
    0.017139,
    0.017139,
    0.017139,
    0.017139,
    0.017139,
    0.017139,
    0.017139,
    0.017139,
    0.017139,
    0.017139,
    0.017139,
    0.017139
  ]
}